-- phpMyAdmin SQL Dump
-- version 4.5.1
-- http://www.phpmyadmin.net
--
-- Servidor: 127.0.0.1
-- Tiempo de generación: 03-10-2017 a las 02:49:18
-- Versión del servidor: 10.1.19-MariaDB
-- Versión de PHP: 5.6.28

SET SQL_MODE = "NO_AUTO_VALUE_ON_ZERO";
SET time_zone = "+00:00";


/*!40101 SET @OLD_CHARACTER_SET_CLIENT=@@CHARACTER_SET_CLIENT */;
/*!40101 SET @OLD_CHARACTER_SET_RESULTS=@@CHARACTER_SET_RESULTS */;
/*!40101 SET @OLD_COLLATION_CONNECTION=@@COLLATION_CONNECTION */;
/*!40101 SET NAMES utf8mb4 */;

--
-- Base de datos: `utn`
--

-- --------------------------------------------------------

--
-- Estructura de tabla para la tabla `envios`
--

CREATE TABLE `envios` (
  `Numero` int(11) NOT NULL,
  `pNumero` int(11) NOT NULL,
  `Cantidad` int(11) NOT NULL
) ENGINE=InnoDB DEFAULT CHARSET=latin1;

--
-- Volcado de datos para la tabla `envios`
--

INSERT INTO `envios` (`Numero`, `pNumero`, `Cantidad`) VALUES
(100, 1, 500),
(100, 2, 1500),
(100, 3, 100),
(101, 2, 55),
(101, 3, 225),
(102, 1, 600),
(102, 3, 300);

-- --------------------------------------------------------

--
-- Estructura de tabla para la tabla `productos`
--

CREATE TABLE `productos` (
  `pNumero` int(11) NOT NULL,
  `pNombre` varchar(50) NOT NULL,
  `Precio` int(11) NOT NULL,
  `Tamaño` int(11) NOT NULL
) ENGINE=InnoDB DEFAULT CHARSET=latin1;

--
-- Volcado de datos para la tabla `productos`
--

INSERT INTO `productos` (`pNumero`, `pNombre`, `Precio`, `Tamaño`) VALUES
(1, 'Caramelos', 2, 0),
(2, 'Cigarrillos', 46, 0),
(3, 'Gaseosas', 16, 0);

-- --------------------------------------------------------

--
-- Estructura de tabla para la tabla `proveedores`
--

CREATE TABLE `proveedores` (
  `Numero` int(11) NOT NULL,
  `Nombre` varchar(50) NOT NULL,
  `Domiclilio` varchar(50) NOT NULL,
  `Localidad` varchar(50) NOT NULL
) ENGINE=InnoDB DEFAULT CHARSET=latin1;

--
-- Volcado de datos para la tabla `proveedores`
--

INSERT INTO `proveedores` (`Numero`, `Nombre`, `Domiclilio`, `Localidad`) VALUES
(100, 'Perez', 'Peron 876', 'Quilmes'),
(101, 'Gimenez', 'Mitre 750', 'Avellaneda'),
(102, 'Aguirre', 'Boedo 634', 'Bernal');

--
-- Índices para tablas volcadas
--

--
-- Indices de la tabla `envios`
--
ALTER TABLE `envios`
  ADD PRIMARY KEY (`Numero`,`pNumero`);

--
-- Indices de la tabla `productos`
--
ALTER TABLE `productos`
  ADD PRIMARY KEY (`pNumero`);

--
-- Indices de la tabla `proveedores`
--
ALTER TABLE `proveedores`
  ADD PRIMARY KEY (`Numero`);

--
-- AUTO_INCREMENT de las tablas volcadas
--

--
-- AUTO_INCREMENT de la tabla `productos`
--
ALTER TABLE `productos`
  MODIFY `pNumero` int(11) NOT NULL AUTO_INCREMENT, AUTO_INCREMENT=4;
--
-- AUTO_INCREMENT de la tabla `proveedores`
--
ALTER TABLE `proveedores`
  MODIFY `Numero` int(11) NOT NULL AUTO_INCREMENT, AUTO_INCREMENT=103;
/*!40101 SET CHARACTER_SET_CLIENT=@OLD_CHARACTER_SET_CLIENT */;
/*!40101 SET CHARACTER_SET_RESULTS=@OLD_CHARACTER_SET_RESULTS */;
/*!40101 SET COLLATION_CONNECTION=@OLD_COLLATION_CONNECTION */;
